{
    "01/2021": 0.13432003555104075,
    "02/2021": 0.1351991164366968,
    "03/2021": 0.14544505422280685,
    "04/2021": 0.16613681504532476,
    "05/2021": 0.11781702051281846,
    "06/2021": 0.11575687732341884,
    "07/2021": 0.1661846153846155,
    "08/2021": 0.13047592592592608,
    "09/2021": 0.1462166009852218,
    "10/2021": 0.11554639865996642,
    "11/2021": 0.11277087056420669,
    "12/2021": 0.1296429738562088,
    "01/2022": 0.13073927152317907,
    "02/2022": 0.13087173785839673,
    "03/2022": 0.14384211778703093
}