{
    "01/2021": 0.1386357657917504,
    "02/2021": 0.14664245056920375,
    "03/2021": 0.14013468072642057,
    "04/2021": 0.12663854166666683,
    "05/2021": 0.1500673718852843,
    "06/2021": 0.1208334491746305,
    "07/2021": 0.17671752650176703,
    "08/2021": 0.2005629290617843,
    "09/2021": 0.08912335834896816,
    "10/2021": 0.12653711267605602,
    "11/2021": 0.11554539835164827,
    "12/2021": 0.1660256097560975,
    "01/2022": 0.17248775510204092,
    "02/2022": 0.15489429065743945,
    "03/2022": 0.19354292134831455
}