{
    "01/2021": 0.0824537235116049,
    "02/2021": 0.08658601530756864,
    "03/2021": 0.11004468251110175,
    "04/2021": 0.10751262568987599,
    "05/2021": 0.10262179970253103,
    "06/2021": 0.1673612377850167,
    "07/2021": 0.1550293464052282,
    "08/2021": 0.1601465671641791,
    "09/2021": 0.16238555096856191,
    "10/2021": 0.2163361644454478,
    "11/2021": 0.2373054266333473,
    "12/2021": 0.22067570511030568,
    "01/2022": 0.21621927461139992,
    "02/2022": 0.1857195781933948,
    "03/2022": 0.18539993243243155
}