{
    "01/2021": 0.18136256454388922,
    "02/2021": 0.15596198316867896,
    "03/2021": 0.17766406396989629,
    "04/2021": 0.20971195548489693,
    "05/2021": 0.17499569438581739,
    "06/2021": 0.14588408900786207,
    "07/2021": 0.16837303087586622,
    "08/2021": 0.16369584143023747,
    "09/2021": 0.15230753821824047,
    "10/2021": 0.15179191512712709,
    "11/2021": 0.14767883843064586,
    "12/2021": 0.14448721660748468,
    "01/2022": 0.14467588247296373,
    "02/2022": 0.15475518780215725,
    "03/2022": 0.1648167085427136
}