{
    "01/2021": 0.18661086142322098,
    "02/2021": 0.12224081632653062,
    "03/2021": 0.16621005586592183,
    "04/2021": 0.14995438596491228,
    "05/2021": 0.1400267857142857,
    "06/2021": 0.16018387096774195,
    "07/2021": 0.23415277777777777,
    "08/2021": 0.15614235500878715,
    "09/2021": 0.13620202894226469,
    "10/2021": 0.12856752638679733,
    "11/2021": 0.10341846936710368,
    "12/2021": 0.10103162177626628,
    "01/2022": 0.09038170237168816,
    "02/2022": 0.11896436189334926,
    "03/2022": 0.13056485294117684
}