{
    "01/2021": 0.1259336010912373,
    "02/2021": 0.11209732890724379,
    "03/2021": 0.11767766442730176,
    "04/2021": 0.1283915190572669,
    "05/2021": 0.1084357350403052,
    "06/2021": 0.13488565677202227,
    "07/2021": 0.16050590410167573,
    "08/2021": 0.1507218538851353,
    "09/2021": 0.14262805015619087,
    "10/2021": 0.1450285789236943,
    "11/2021": 0.12271928892185659,
    "12/2021": 0.11260546825135957,
    "01/2022": 0.11063117860128338,
    "02/2022": 0.13598143785293507,
    "03/2022": 0.14620828621907925
}