{
    "01/2021": 0.13432003555104075,
    "02/2021": 0.1351991164366968,
    "03/2021": 0.14544505422280685,
    "04/2021": 0.16613681504532476,
    "05/2021": 0.11778998309166316,
    "06/2021": 0.11591377215189848,
    "07/2021": 0.16470922903770405,
    "08/2021": 0.13037934863064374,
    "09/2021": 0.1457857072691552,
    "10/2021": 0.11538564273789664,
    "11/2021": 0.11250865580448116,
    "12/2021": 0.12966726530612252,
    "01/2022": 0.13127225848563984,
    "02/2022": 0.13066237113402057,
    "03/2022": 0.1486464322647361
}