{
    "01/2021": 0.1259336010912373,
    "02/2021": 0.11209732890724379,
    "03/2021": 0.11767766442730176,
    "04/2021": 0.1283915190572669,
    "05/2021": 0.10844378223620452,
    "06/2021": 0.13483782386534343,
    "07/2021": 0.1607951233638378,
    "08/2021": 0.1507536853220709,
    "09/2021": 0.14266518965367053,
    "10/2021": 0.1450576816375472,
    "11/2021": 0.12274276501492891,
    "12/2021": 0.11260385378392664,
    "01/2022": 0.11063635196965001,
    "02/2022": 0.13501014901575809,
    "03/2022": 0.14401138028168733
}