{
    "2021-01": 0.1884744155503051,
    "2021-02": 0.1782088243597495,
    "2021-03": 0.19275719588504453,
    "2021-04": 0.19759348325283232,
    "2021-05": 0.17537562978486784,
    "2021-06": 0.20198258115597756,
    "2021-07": 0.1467810754912086,
    "2021-08": 0.14479284477427246,
    "2021-09": 0.1516924252717407,
    "2021-10": 0.17045584277854745,
    "2021-11": 0.16145136863012616,
    "2021-12": 0.13924646741140848,
    "2022-01": 0.14698045702029489,
    "2022-02": 0.15719870258247787
}