{
    "01/2021": 0.23110081755593898,
    "02/2021": 0.15902355990783426,
    "03/2021": 0.23068302505966704,
    "04/2021": 0.25453275094209715,
    "05/2021": 0.21045688136526136,
    "06/2021": 0.2713749286005724,
    "07/2021": 0.2655748892580291,
    "08/2021": 0.1741260444444455,
    "09/2021": 0.1448236024844723,
    "10/2021": 0.1582933756166317,
    "11/2021": 0.19858499381188421,
    "12/2021": 0.15062490931076253,
    "01/2022": 0.15940481608478574,
    "02/2022": 0.14479664815169335
}