{
    "01/2021": 0.1884744155503051,
    "02/2021": 0.1782088243597495,
    "03/2021": 0.19275719588504453,
    "04/2021": 0.19759348325283232,
    "05/2021": 0.17537562978486784,
    "06/2021": 0.20198258115597756,
    "07/2021": 0.1467810754912086,
    "08/2021": 0.14479284477427246,
    "09/2021": 0.1516924252717407,
    "10/2021": 0.17045584277854745,
    "11/2021": 0.16145136863012616,
    "12/2021": 0.13924646741140848,
    "01/2022": 0.14698045702029489,
    "02/2022": 0.15719870258247787
}