{
    "01/2021": 0.19656468568077984,
    "02/2021": 0.18424717587443795,
    "03/2021": 0.20435626990073005,
    "04/2021": 0.217148194629753,
    "05/2021": 0.19389435203490682,
    "06/2021": 0.21972634085620177,
    "07/2021": 0.2151477883682474,
    "08/2021": 0.18999129289110714,
    "09/2021": 0.1787343778246483,
    "10/2021": 0.19703621626916124,
    "11/2021": 0.21148334586249118,
    "12/2021": 0.17320978467177126,
    "01/2022": 0.1733138346059293,
    "02/2022": 0.18771946017994398
}