{
    "2021-01": 0.23110081755593898,
    "2021-02": 0.15902355990783426,
    "2021-03": 0.23068302505966704,
    "2021-04": 0.25453275094209715,
    "2021-05": 0.21045688136526136,
    "2021-06": 0.2713749286005724,
    "2021-07": 0.2655748892580291,
    "2021-08": 0.1741260444444455,
    "2021-09": 0.1448236024844723,
    "2021-10": 0.1582933756166317,
    "2021-11": 0.19858499381188421,
    "2021-12": 0.15062490931076253,
    "2022-01": 0.15940481608478574,
    "2022-02": 0.14479664815169335
}