{
    "01/2021": 0.2698479606188444,
    "02/2021": 0.22943308029196843,
    "03/2021": 0.1645092714315371,
    "04/2021": 0.21999970273072889,
    "05/2021": 0.18722052996172522,
    "06/2021": 0.19139395615652816,
    "07/2021": 0.21539037712760015,
    "08/2021": 0.17845213254593092,
    "09/2021": 0.16081633390253242,
    "10/2021": 0.18828061900610504,
    "11/2021": 0.16484550509005688,
    "12/2021": 0.18571172700620497,
    "01/2022": 0.1758133360032023,
    "02/2022": 0.18112997051389898
}