{
    "2021-01": 0.19656468568077984,
    "2021-02": 0.18424717587443795,
    "2021-03": 0.20435626990073005,
    "2021-04": 0.217148194629753,
    "2021-05": 0.19389435203490682,
    "2021-06": 0.21972634085620177,
    "2021-07": 0.2151477883682474,
    "2021-08": 0.18999129289110714,
    "2021-09": 0.1787343778246483,
    "2021-10": 0.19703621626916124,
    "2021-11": 0.21148334586249118,
    "2021-12": 0.17320978467177126,
    "2022-01": 0.1733138346059293,
    "2022-02": 0.18771946017994398
}