{
    "2021-01": 0.2698479606188444,
    "2021-02": 0.22943308029196843,
    "2021-03": 0.1645092714315371,
    "2021-04": 0.21999970273072889,
    "2021-05": 0.18722052996172522,
    "2021-06": 0.19139395615652816,
    "2021-07": 0.21539037712760015,
    "2021-08": 0.17845213254593092,
    "2021-09": 0.16081633390253242,
    "2021-10": 0.18828061900610504,
    "2021-11": 0.16484550509005688,
    "2021-12": 0.18571172700620497,
    "2022-01": 0.1758133360032023,
    "2022-02": 0.18112997051389898
}