{
    "01/2021": 1.0601487934428662,
    "02/2021": 0.9303726704239937,
    "03/2021": 0.9707706162859402,
    "04/2021": 1.0742071985354344,
    "05/2021": 0.9663674299840186,
    "06/2021": 1.1346758320933696,
    "07/2021": 1.0595111406856246,
    "08/2021": 0.8759624348962363,
    "09/2021": 0.8161250557314739,
    "10/2021": 0.9226113398126518,
    "11/2021": 0.9313480992790981,
    "12/2021": 0.8458067342657548,
    "01/2022": 0.8251615672241798,
    "02/2022": 0.8393511140654459
}