{
    "01/2021": 0.23359639431028278,
    "02/2021": 0.21890866909090723,
    "03/2021": 0.22431868108108222,
    "04/2021": 0.2505263444261673,
    "05/2021": 0.21345237265415726,
    "06/2021": 0.25314540174249633,
    "07/2021": 0.21462842578710722,
    "08/2021": 0.15590430921052614,
    "09/2021": 0.12729547738693492,
    "10/2021": 0.14269628639334506,
    "11/2021": 0.17826519404816693,
    "12/2021": 0.15271538962095296,
    "01/2022": 0.14371150716145795,
    "02/2022": 0.16963140546006036,
    "03/2022": 0.19817870342772084
}