{
    "01/2021": 0.17416091403699774,
    "02/2021": 0.17946002999000368,
    "03/2021": 0.17846485400896162,
    "04/2021": 0.18493306698002313,
    "05/2021": 0.19942003683725723,
    "06/2021": 0.2501980253240899,
    "07/2021": 0.21661701044053913,
    "08/2021": 0.18860012024048026,
    "09/2021": 0.18005831624808033,
    "10/2021": 0.20854528614220635,
    "11/2021": 0.19498288588453966,
    "12/2021": 0.19701384586560755,
    "01/2022": 0.16964912350996753,
    "02/2022": 0.16850633263743178
}