{
    "2021-01": 0.23386129298941627,
    "2021-02": 0.21854789244185782,
    "2021-03": 0.22442286453839544,
    "2021-04": 0.2502334511041032,
    "2021-05": 0.21348159828945582,
    "2021-06": 0.25331013292236665,
    "2021-07": 0.21502087334934403,
    "2021-08": 0.1560226592068462,
    "2021-09": 0.12717459002244158,
    "2021-10": 0.14304978635626883,
    "2021-11": 0.179661497326203,
    "2021-12": 0.1527071706053731,
    "2022-01": 0.1440547885269803,
    "2022-02": 0.17015773258155567
}