{
    "01/2021": 0.1882731189400267,
    "02/2021": 0.17790710705045418,
    "03/2021": 0.19283056273683016,
    "04/2021": 0.19778151393790439,
    "05/2021": 0.17544832883981296,
    "06/2021": 0.20237592020897885,
    "07/2021": 0.14667999586549074,
    "08/2021": 0.14463180719906035,
    "09/2021": 0.15134132315868248,
    "10/2021": 0.16982827563248726,
    "11/2021": 0.16082324084489868,
    "12/2021": 0.138618581634174,
    "01/2022": 0.14660621482952557,
    "02/2022": 0.1567976217019688,
    "03/2022": 0.19468910329170877
}