{
    "01/2021": 0.8958595559259042,
    "02/2021": 0.8180128427805309,
    "03/2021": 0.7857315913835164,
    "04/2021": 0.8848126135450031,
    "05/2021": 0.7702480417545776,
    "06/2021": 0.8675794756787659,
    "07/2021": 0.7915291277779635,
    "08/2021": 0.6686394497043714,
    "09/2021": 0.6184958359794939,
    "10/2021": 0.6970115320366183,
    "11/2021": 0.71505810009232,
    "12/2021": 0.651020872363698,
    "01/2022": 0.6387508088097508,
    "02/2022": 0.6935432168549995,
    "03/2022": 0.7907271094912114
}