{
    "2021-01": 1.0601487934428662,
    "2021-02": 0.9303726704239937,
    "2021-03": 0.9707706162859402,
    "2021-04": 1.0742071985354344,
    "2021-05": 0.9663674299840186,
    "2021-06": 1.1346758320933696,
    "2021-07": 1.0595111406856246,
    "2021-08": 0.8759624348962363,
    "2021-09": 0.8161250557314739,
    "2021-10": 0.9226113398126518,
    "2021-11": 0.9313480992790981,
    "2021-12": 0.8458067342657548,
    "2022-01": 0.8251615672241798,
    "2022-02": 0.8393511140654459
}