{
    "01/2021": 0.17338001533910483,
    "02/2021": 0.1784957528957518,
    "03/2021": 0.1779835656753414,
    "04/2021": 0.18511855730760376,
    "05/2021": 0.1993626399683848,
    "06/2021": 0.2503951605608354,
    "07/2021": 0.21633242555357496,
    "08/2021": 0.1873607645875252,
    "09/2021": 0.1799537324938966,
    "10/2021": 0.20884460146077996,
    "11/2021": 0.19483940018021048,
    "12/2021": 0.19676167103784103,
    "01/2022": 0.16962395462074675,
    "02/2022": 0.16762119548947368,
    "03/2022": 0.2131172458291054
}