{
    "01/2021": 0.1969852387540312,
    "02/2021": 0.18448525519849282,
    "03/2021": 0.2043360615731173,
    "04/2021": 0.21706755661402644,
    "05/2021": 0.194070411959455,
    "06/2021": 0.22034630111726022,
    "07/2021": 0.2150154953719609,
    "08/2021": 0.19003021413399176,
    "09/2021": 0.1786488974575275,
    "10/2021": 0.19695962879309006,
    "11/2021": 0.21132484493652712,
    "12/2021": 0.17391615671886196,
    "01/2022": 0.17343410681876922,
    "02/2022": 0.18748117402164433,
    "03/2022": 0.18600680104883519
}