{
    "01/2021": 0.23154562083064223,
    "02/2021": 0.16024898824436198,
    "03/2021": 0.2308354944726625,
    "04/2021": 0.2548798215511365,
    "05/2021": 0.21058830562044814,
    "06/2021": 0.2718149469820544,
    "07/2021": 0.2653971238938049,
    "08/2021": 0.17414942247889856,
    "09/2021": 0.1448197329035228,
    "10/2021": 0.1577109724511417,
    "11/2021": 0.19828004032257832,
    "12/2021": 0.15042234817813877,
    "01/2022": 0.15920051570557914,
    "02/2022": 0.14377933550989075,
    "03/2022": 0.18526848680516522
}