{
    "01/2021": 0.23386129298941627,
    "02/2021": 0.21854789244185782,
    "03/2021": 0.22442286453839544,
    "04/2021": 0.2502334511041032,
    "05/2021": 0.21348159828945582,
    "06/2021": 0.25331013292236665,
    "07/2021": 0.21502087334934403,
    "08/2021": 0.1560226592068462,
    "09/2021": 0.12717459002244158,
    "10/2021": 0.14304978635626883,
    "11/2021": 0.179661497326203,
    "12/2021": 0.1527071706053731,
    "01/2022": 0.1440547885269803,
    "02/2022": 0.17015773258155567
}