{
    "2021-01": 0.17416091403699774,
    "2021-02": 0.17946002999000368,
    "2021-03": 0.17846485400896162,
    "2021-04": 0.18493306698002313,
    "2021-05": 0.19942003683725723,
    "2021-06": 0.2501980253240899,
    "2021-07": 0.21661701044053913,
    "2021-08": 0.18860012024048026,
    "2021-09": 0.18005831624808033,
    "2021-10": 0.20854528614220635,
    "2021-11": 0.19498288588453966,
    "2021-12": 0.19701384586560755,
    "2022-01": 0.16964912350996753,
    "2022-02": 0.16850633263743178
}