{
    "01/2021": 0.2770048039215634,
    "02/2021": 0.2367118114406766,
    "03/2021": 0.16424628599248678,
    "04/2021": 0.21943719856690488,
    "05/2021": 0.18727692830115233,
    "06/2021": 0.19171185261003054,
    "07/2021": 0.21520521075340454,
    "08/2021": 0.17807311916079321,
    "09/2021": 0.16121013797634892,
    "10/2021": 0.1875273412176959,
    "11/2021": 0.16464482026272728,
    "12/2021": 0.18577074438970903,
    "01/2022": 0.17499897999999808,
    "02/2022": 0.17963301567132603,
    "03/2022": 0.21185250172294662
}